Country Code,iso code,Webcountry,country,WBCountry,Economy country,capital country name,country code number,Region,Income group,Lending category,Other (EMU or HIPC),population,area,GDP
ABW,AW,Aruba,,Aruba,Aruba,,297,Latin America and Caribbean,High income,,,"71,566",193,2.516 Billion
AFG,AF,Afghanistan,Afghanistan,Afghanistan,Afghanistan,,93,South Asia,Low income,IDA,HIPC,"29,121,286","647,500",20.65 Billion
AGO,AO,Angola,Angola,Angola,Angola,Angola,244,Sub-Saharan Africa,Lower middle income,IBRD,,"13,068,161","1,246,700",124 Billion
AIA,AI,Anguilla,,,,,1-264,,,,,"13,254",102,175.4 Million
ALB,AL,Albania,Albania,Albania,Albania,Albania,355,Europe and Central Asia,Upper middle income,IBRD,,"2,986,952","28,748",12.8 Billion
AND,AD,Andorra,Andorra,Andorra,Andorra,,376,Europe and Central Asia,High income,,,"84,000",468,4.8 Billion
ANT,AN,Netherlands Antilles,,,,,599,,,,,"136,197",960,
ARE,AE,United Arab Emirates,United Arab Emirates,United Arab Emirates,United Arab Emirates,,971,Middle East and North Africa,High income,,,"4,975,593","82,880",390 Billion
ARG,AR,Argentina,Argentina,Argentina,Argentina,Argentina,54,Latin America and Caribbean,Upper middle income,IBRD,,"41,343,201","2,766,890",484.6 Billion
ARM,AM,Armenia,Armenia,Armenia,Armenia,Armenia,374,Europe and Central Asia,Upper middle income,IBRD,,"2,968,000","29,800",10.44 Billion
ASM,AS,American Samoa,American Samoa,American Samoa,American Samoa,,1-684,East Asia and Pacific,Upper middle income,,,"57,881",199,462.2 Million
ATA,AQ,Antarctica,,,,,672,,,,,0,"14,000,000",
ATG,AG,Antigua and Barbuda,Antigua and Barbuda,Antigua and Barbuda,Antigua and Barbuda,Antigua and Barbuda,1-268,Latin America and Caribbean,High income,IBRD,,"86,754",443,1.22 Billion
AUS,AU,Australia,Australia,Australia,Australia,Australia,61,East Asia and Pacific,High income,,,"21,515,754","7,686,850",1.488 Trillion
AUT,AT,Austria,Austria,Austria,Austria,Austria,43,Europe and Central Asia,High income,,EMU,"8,205,000","83,858",417.9 Billion
AZE,AZ,Azerbaijan,Azerbaijan,Azerbaijan,Azerbaijan,Azerbaijan,994,Europe and Central Asia,Upper middle income,IBRD,,"8,303,512","86,600",76.01 Billion
BDI,BI,Burundi,Burundi,Burundi,Burundi,Burundi,257,Sub-Saharan Africa,Low income,IDA,HIPC,"9,863,117","27,830",2.676 Billion
BEL,BE,Belgium,Belgium,Belgium,Belgium,Belgium,32,Europe and Central Asia,High income,,EMU,"10,403,000","30,510",507.4 Billion
BEN,BJ,Benin,Benin,Benin,Benin,Benin,229,Sub-Saharan Africa,Lower middle income,IDA,HIPC,"9,056,010","112,620",8.359 Billion
BFA,BF,Burkina Faso,Burkina Faso,Burkina Faso,Burkina Faso,Burkina Faso,226,Sub-Saharan Africa,Low income,IDA,HIPC,"16,241,811","274,200",12.13 Billion
BGD,BD,Bangladesh,Bangladesh,Bangladesh,Bangladesh,Bangladesh,880,South Asia,Lower middle income,IDA,,"156,118,464","144,000",140.2 Billion
BGR,BG,Bulgaria,Bulgaria,Bulgaria,Bulgaria,Bulgaria,359,Europe and Central Asia,Upper middle income,IBRD,,"7,148,785","110,910",53.7 Billion
BHR,BH,Bahrain,Bahrain,Bahrain,Bahrain,Bahrain,973,Middle East and North Africa,High income,,,"738,004",665,28.36 Billion
BHS,BS,Bahamas,Bahamas,"Bahamas, The","Bahamas, The",Bahamas,1-242,Latin America and Caribbean,High income,,,"301,790","13,940",8.373 Billion
BIH,BA,Bosnia and Herzegovina,Bosnia and Herzegovina,Bosnia and Herzegovina,Bosnia and Herzegovina,Bosnia and Herzegovina,387,Europe and Central Asia,Upper middle income,IBRD,,"4,590,000","51,129",18.87 Billion
BLM,BL,Saint Barthelemy,,,,,590,,,,,"8,450",21,
BLR,BY,Belarus,Belarus,Belarus,Belarus,Belarus,375,Europe and Central Asia,Upper middle income,IBRD,,"9,685,000","207,600",69.24 Billion
BLZ,BZ,Belize,Belize,Belize,Belize,Belize,501,Latin America and Caribbean,Lower middle income,IBRD,,"314,522","22,966",1.637 Billion
BMU,BM,Bermuda,Bermuda,Bermuda,Bermuda,Bermuda,1-441,North America,High income,,,"65,365",53,5.6 Billion
BOL,BO,Bolivia,Bolivia (Plurinational State of),Bolivia,Bolivia,the Plurinational State of Bolivia,591,Latin America and Caribbean,Lower middle income,IBRD,HIPC,"9,947,418","1,098,580",30.79 Billion
BRA,BR,Brazil,Brazil,Brazil,Brazil,Brazil,55,Latin America and Caribbean,Upper middle income,IBRD,,"201,103,330","8,511,965",2.19 Trillion
BRB,BB,Barbados,Barbados,Barbados,Barbados,Barbados,1-246,Latin America and Caribbean,High income,,,"285,653",431,4.262 Billion
BRN,BN,Brunei,Brunei Darussalam,Brunei Darussalam,Brunei Darussalam,Brunei Darussalam,673,East Asia and Pacific,High income,,,"395,027","5,770",16.56 Billion
BTN,BT,Bhutan,Bhutan,Bhutan,Bhutan,Bhutan,975,South Asia,Lower middle income,IDA,,"699,847","47,000",2.133 Billion
BWA,BW,Botswana,Botswana,Botswana,Botswana,Botswana,267,Sub-Saharan Africa,Upper middle income,IBRD,,"2,029,307","600,370",15.53 Billion
CAF,CF,Central African Republic,Central African Republic,Central African Republic,Central African Republic,Central African Republic,236,Sub-Saharan Africa,Low income,IDA,HIPC,"4,844,927","622,984",2.05 Billion
CAN,CA,Canada,Canada,Canada,Canada,Canada,1,North America,High income,,,"33,679,000","9,984,670",1.825 Trillion
CCK,CC,Cocos Islands,,,,,61,,,,,628,14,
CHE,CH,Switzerland,Switzerland,Switzerland,Switzerland,Switzerland,41,Europe and Central Asia,High income,,,"7,581,000","41,290",646.2 Billion
CHI,CH,,,Channel Islands,Channel Islands,,,Europe and Central Asia,High income,,,,198,
CHL,CL,Chile,Chile,Chile,Chile,Chile,56,Latin America and Caribbean,High income,IBRD,,"16,746,491","756,950",281.7 Billion
CHN,CN,China,China,China,China,China,86,East Asia and Pacific,Upper middle income,IBRD,,"1,330,044,000","9,596,960",9.33 Trillion
CIV,CI,Ivory Coast,C?te d'Ivoire,Cote d'Ivoire,C?te d'Ivoire,Cote d'Ivoire,225,Sub-Saharan Africa,Lower middle income,IDA,HIPC,"21,058,798","322,460",28.28 Billion
CMR,CM,Cameroon,Cameroon,Cameroon,Cameroon,Cameroon,237,Sub-Saharan Africa,Lower middle income,Blend,HIPC,"19,294,149","475,440",27.88 Billion
COD,CD,Democratic Republic of the Congo,Democratic Republic of the Congo,"Congo, Dem. Rep.","Congo, Dem. Rep.",the Democratic Republic of the Congo,243,Sub-Saharan Africa,Low income,IDA,HIPC,"70,916,439","2,345,410",18.56 Billion
COG,CG,Republic of the Congo,Congo,"Congo, Rep.","Congo, Rep.",Congo,242,Sub-Saharan Africa,Lower middle income,Blend,HIPC,"3,039,126","342,000",14.25 Billion
COK,CK,Cook Islands,Cook Islands,Cook Islands,Cook Islands,Cook Islands,682,,,,,"21,388",240,183.2 Million
COL,CO,Colombia,Colombia,Colombia,Colombia,Colombia,57,Latin America and Caribbean,Upper middle income,IBRD,,"47,790,000","1,138,910",369.2 Billion
COM,KM,Comoros,Comoros,Comoros,Comoros,Comoros,269,Sub-Saharan Africa,Lower middle income,IDA,HIPC,"773,407","2,170",658 Million
CPV,CV,Cape Verde,Cabo Verde,Cabo Verde,Cabo Verde,Cape Verde,238,Sub-Saharan Africa,Lower middle income,Blend,,"508,659","4,033",1.955 Billion
CRI,CR,Costa Rica,Costa Rica,Costa Rica,Costa Rica,Costa Rica,506,Latin America and Caribbean,Upper middle income,IBRD,,"4,516,220","51,100",48.51 Billion
CUB,CU,Cuba,Cuba,Cuba,Cuba,,53,Latin America and Caribbean,Upper middle income,,,"11,423,000","110,860",72.3 Billion
CUW,CW,Curacao,,Curacao,Cura?ao,,599,Latin America and Caribbean,High income,,,"141,766",444,5.6 Billion
CXR,CX,Christmas Island,,,,,61,,,,,"1,500",135,
CYM,KY,Cayman Islands,,Cayman Islands,Cayman Islands,,1-345,Latin America and Caribbean,High income,,,"44,270",262,2.25 Billion
CYP,CY,Cyprus,Cyprus,Cyprus,Cyprus,Cyprus,357,Europe and Central Asia,High income,,EMU,"1,102,677","9,250",21.78 Billion
CZE,CZ,Czech Republic,Czechia,Czech Republic,Czech Republic,Czech Republic,420,Europe and Central Asia,High income,,,"10,476,000","78,866",194.8 Billion
DEU,DE,Germany,Germany,Germany,Germany,Germany,49,Europe and Central Asia,High income,,EMU,"81,802,257","357,021",3.593 Trillion
DJI,DJ,Djibouti,Djibouti,Djibouti,Djibouti,Djibouti,253,Middle East and North Africa,Lower middle income,IDA,,"740,528","23,000",1.459 Billion
DMA,DM,Dominica,Dominica,Dominica,Dominica,Dominica,1-767,Latin America and Caribbean,Upper middle income,Blend,,"72,813",754,495 Million
DNK,DK,Denmark,Denmark,Denmark,Denmark,Denmark,45,Europe and Central Asia,High income,,,"5,484,000","43,094",324.3 Billion
DOM,DO,Dominican Republic,Dominican Republic,Dominican Republic,Dominican Republic,Dominican Republic,"1-809, 1-829, 1-849",Latin America and Caribbean,Upper middle income,IBRD,,"9,823,821","48,730",59.27 Billion
DZA,DZ,Algeria,Algeria,Algeria,Algeria,,213,Middle East and North Africa,Lower middle income,IBRD,,"34,586,184","2,381,740",215.7 Billion
ECU,EC,Ecuador,Ecuador,Ecuador,Ecuador,Ecuador,593,Latin America and Caribbean,Upper middle income,IBRD,,"14,790,608","283,560",91.41 Billion
EGY,EG,Egypt,Egypt,"Egypt, Arab Rep.","Egypt, Arab Rep.",Egypt,20,Middle East and North Africa,Lower middle income,IBRD,,"80,471,869","1,001,450",262 Billion
ERI,ER,Eritrea,Eritrea,Eritrea,Eritrea,,291,Sub-Saharan Africa,Low income,IDA,HIPC,"5,792,984","121,320",3.438 Billion
ESH,EH,Western Sahara,,,,,212,,,,,"273,008","266,000",
ESP,ES,Spain,Spain,Spain,Spain,Spain,34,Europe and Central Asia,High income,,EMU,"46,505,963","504,782",1.356 Trillion
EST,EE,Estonia,Estonia,Estonia,Estonia,Estonia,372,Europe and Central Asia,High income,,EMU,"1,291,170","45,226",24.28 Billion
ETH,ET,Ethiopia,Ethiopia,Ethiopia,Ethiopia,Ethiopia,251,Sub-Saharan Africa,Low income,IDA,HIPC,"88,013,491","1,127,127",47.34 Billion
FIN,FI,Finland,Finland,Finland,Finland,Finland,358,Europe and Central Asia,High income,,EMU,"5,244,000","337,030",259.6 Billion
FJI,FJ,Fiji,Fiji,Fiji,Fiji,Fiji,679,East Asia and Pacific,Upper middle income,Blend,,"875,983","18,270",4.218 Billion
FLK,FK,Falkland Islands,,,,,500,,,,,"2,638","12,173",164.5 Million
FRA,FR,France,France,France,France,France,33,Europe and Central Asia,High income,,EMU,"64,768,389","547,030",2.739 Trillion
FRO,FO,Faroe Islands,,Faroe Islands,Faroe Islands,,298,Europe and Central Asia,High income,,,"48,228","1,399",2.32 Billion
FSM,FM,Micronesia,Micronesia (Federated States of),"Micronesia, Fed. Sts.","Micronesia, Fed. Sts.",,691,East Asia and Pacific,Lower middle income,IDA,,"107,708",702,339 Million
GAB,GA,Gabon,Gabon,Gabon,Gabon,Gabon,241,Sub-Saharan Africa,Upper middle income,IBRD,,"1,545,255","267,667",19.97 Billion
GBR,GB,United Kingdom,United Kingdom,United Kingdom,United Kingdom,United Kingdom,44,Europe and Central Asia,High income,,,"62,348,447","244,820",2.49 Trillion
GEO,GE,Georgia,Georgia,Georgia,Georgia,Georgia,995,Europe and Central Asia,Upper middle income,IBRD,,"4,630,000","69,700",15.95 Billion
GGY,GG,Guernsey,,,,,44-1481,,,,,"65,228",78,2.742 Billion
GHA,GH,Ghana,Ghana,Ghana,Ghana,Ghana,233,Sub-Saharan Africa,Lower middle income,IDA,HIPC,"24,339,838","239,460",45.55 Billion
GIB,GI,Gibraltar,,Gibraltar,Gibraltar,,350,Europe and Central Asia,High income,,,"27,884",7,1.106 Billion
GIN,GN,Guinea,Guinea,Guinea,Guinea,Guinea,224,Sub-Saharan Africa,Low income,IDA,HIPC,"10,324,025","245,857",6.544 Billion
GMB,GM,Gambia,Gambia,"Gambia, The","Gambia, The",Gambia,220,Sub-Saharan Africa,Low income,IDA,HIPC,"1,593,256","11,300",896 Million
GNB,GW,Guinea-Bissau,Guinea-Bissau,Guinea-Bissau,Guinea-Bissau,Guinea-Bissau,245,Sub-Saharan Africa,Low income,IDA,HIPC,"1,565,126","36,120",880 Million
GNQ,GQ,Equatorial Guinea,Equatorial Guinea,Equatorial Guinea,Equatorial Guinea,Equatorial Guinea,240,Sub-Saharan Africa,Upper middle income,IBRD,,"1,014,999","28,051",17.08 Billion
GRC,GR,Greece,Greece,Greece,Greece,Greece,30,Europe and Central Asia,High income,,EMU,"11,000,000","131,940",243.3 Billion
GRD,GD,Grenada,Grenada,Grenada,Grenada,Grenada,1-473,Latin America and Caribbean,Upper middle income,Blend,,"107,818",344,811 Million
GRL,GL,Greenland,Greenland,Greenland,Greenland,,299,Europe and Central Asia,High income,,,"56,375","2,166,086",2.16 Billion
GTM,GT,Guatemala,Guatemala,Guatemala,Guatemala,Guatemala,502,Latin America and Caribbean,Upper middle income,IBRD,,"13,550,440","108,890",53.9 Billion
GUM,GU,Guam,Guam,Guam,Guam,,1-671,East Asia and Pacific,High income,,,"159,358",549,4.6 Billion
GUY,GY,Guyana,Guyana,Guyana,Guyana,,592,Latin America and Caribbean,Upper middle income,IDA,HIPC,"748,486","214,970",3.02 Billion
HKG,HK,Hong Kong,,"Hong Kong SAR, China","Hong Kong SAR, China",Hong Kong,852,East Asia and Pacific,High income,,,"6,898,686","1,092",272.1 Billion
HND,HN,Honduras,Honduras,Honduras,Honduras,Honduras,504,Latin America and Caribbean,Lower middle income,IDA,HIPC,"7,989,415","112,090",18.88 Billion
HRV,HR,Croatia,Croatia,Croatia,Croatia,Croatia,385,Europe and Central Asia,High income,IBRD,,"4,491,000","56,542",59.14 Billion
HTI,HT,Haiti,Haiti,Haiti,Haiti,,509,Latin America and Caribbean,Lower middle income,IDA,HIPC,"9,648,924","27,750",8.287 Billion
HUN,HU,Hungary,Hungary,Hungary,Hungary,Hungary,36,Europe and Central Asia,High income,,,"9,982,000","93,030",130.6 Billion
IDN,ID,Indonesia,Indonesia,Indonesia,Indonesia,Indonesia,62,East Asia and Pacific,Lower middle income,IBRD,,"242,968,342","1,919,440",867.5 Billion
IMN,IM,Isle of Man,,Isle of Man,Isle of Man,,44-1624,Europe and Central Asia,High income,,,"75,049",572,4.076 Billion
IND,IN,India,India,India,India,India,91,South Asia,Lower middle income,IBRD,,"1,173,108,018","3,287,590",1.67 Trillion
IOT,IO,British Indian Ocean Territory,,,,,246,,,,,"4,000",60,
IRL,IE,Ireland,Ireland,Ireland,Ireland,Ireland,353,Europe and Central Asia,High income,,EMU,"4,622,917","70,280",220.9 Billion
IRN,IR,Iran,Iran (Islamic Republic of),"Iran, Islamic Rep.","Iran, Islamic Rep.",Islamic Republic of Iran,98,Middle East and North Africa,Lower middle income,IBRD,,"76,923,300","1,648,000",411.9 Billion
IRQ,IQ,Iraq,Iraq,Iraq,Iraq,Iraq,964,Middle East and North Africa,Upper middle income,IBRD,,"29,671,605","437,072",221.8 Billion
ISL,IS,Iceland,Iceland,Iceland,Iceland,Iceland,354,Europe and Central Asia,High income,,,"308,910","103,000",14.59 Billion
ISR,IL,Israel,Israel,Israel,Israel,Israel,972,Middle East and North Africa,High income,,,"7,353,985","20,770",272.7 Billion
ITA,IT,Italy,Italy,Italy,Italy,Italy,39,Europe and Central Asia,High income,,EMU,"60,340,328","301,230",2.068 Trillion
JAM,JM,Jamaica,Jamaica,Jamaica,Jamaica,Jamaica,1-876,Latin America and Caribbean,Upper middle income,IBRD,,"2,847,232","10,991",14.39 Billion
JEY,JE,Jersey,,,,,44-1534,,,,,"90,812",116,5.1 Billion
JOR,JO,Jordan,Jordan,Jordan,Jordan,Jordan,962,Middle East and North Africa,Upper middle income,IBRD,,"6,407,085","92,300",34.08 Billion
JPN,JP,Japan,Japan,Japan,Japan,Japan,81,East Asia and Pacific,High income,,,"127,288,000","377,835",5.007 Trillion
KAZ,KZ,Kazakhstan,Kazakhstan,Kazakhstan,Kazakhstan,Kazakhstan,7,Europe and Central Asia,Upper middle income,IBRD,,"15,340,000","2,717,300",224.9 Billion
KEN,KE,Kenya,Kenya,Kenya,Kenya,Kenya,254,Sub-Saharan Africa,Lower middle income,Blend,,"40,046,566","582,650",45.31 Billion
KGZ,KG,Kyrgyzstan,Kyrgyzstan,Kyrgyz Republic,Kyrgyz Republic,Kyrgyzstan,996,Europe and Central Asia,Lower middle income,IDA,,"5,508,626","198,500",7.234 Billion
KHM,KH,Cambodia,Cambodia,Cambodia,Cambodia,Cambodia,855,East Asia and Pacific,Lower middle income,IDA,,"14,453,680","181,040",15.64 Billion
KIR,KI,Kiribati,Kiribati,Kiribati,Kiribati,,686,East Asia and Pacific,Lower middle income,IDA,,"92,533",811,173 Million
KNA,KN,Saint Kitts and Nevis,Saint Kitts and Nevis,St. Kitts and Nevis,St. Kitts and Nevis,Saint Kitts and Nevis,1-869,Latin America and Caribbean,High income,IBRD,,"51,134",261,767 Million
KOR,KR,South Korea,Republic of Korea,"Korea, Rep.","Korea, Rep.",Republic of Korea,82,East Asia and Pacific,High income,,,"48,422,644","98,480",1.198 Trillion
KWT,KW,Kuwait,Kuwait,Kuwait,Kuwait,Kuwait,965,Middle East and North Africa,High income,,,"2,789,132","17,820",179.5 Billion
LAO,LA,Laos,Lao People's Democratic Republic,Lao PDR,Lao PDR,Lao People's Democratic Republic,856,East Asia and Pacific,Lower middle income,IDA,,"6,368,162","236,800",10.1 Billion
LBN,LB,Lebanon,Lebanon,Lebanon,Lebanon,Lebanon,961,Middle East and North Africa,Upper middle income,IBRD,,"4,125,247","10,400",43.49 Billion
LBR,LR,Liberia,Liberia,Liberia,Liberia,Liberia,231,Sub-Saharan Africa,Low income,IDA,HIPC,"3,685,076","111,370",1.977 Billion
LBY,LY,Libya,Libya,Libya,Libya,,218,Middle East and North Africa,Upper middle income,IBRD,,"6,461,454","1,759,540",70.92 Billion
LCA,LC,Saint Lucia,Saint Lucia,St. Lucia,St. Lucia,Saint Lucia,1-758,Latin America and Caribbean,Upper middle income,Blend,,"160,922",616,1.377 Billion
LIE,LI,Liechtenstein,,Liechtenstein,Liechtenstein,,423,Europe and Central Asia,High income,,,"35,000",160,5.113 Billion
LKA,LK,Sri Lanka,Sri Lanka,Sri Lanka,Sri Lanka,Sri Lanka,94,South Asia,Lower middle income,IBRD,,"21,513,990","65,610",65.12 Billion
LSO,LS,Lesotho,Lesotho,Lesotho,Lesotho,Lesotho,266,Sub-Saharan Africa,Lower middle income,IDA,,"1,919,552","30,355",2.457 Billion
LTU,LT,Lithuania,Lithuania,Lithuania,Lithuania,Lithuania,370,Europe and Central Asia,High income,,EMU,"2,944,459","65,200",46.71 Billion
LUX,LU,Luxembourg,Luxembourg,Luxembourg,Luxembourg,Luxembourg,352,Europe and Central Asia,High income,,EMU,"497,538","2,586",60.54 Billion
LVA,LV,Latvia,Latvia,Latvia,Latvia,Latvia,371,Europe and Central Asia,High income,,EMU,"2,217,969","64,589",30.38 Billion
MAC,MO,Macau,,"Macao SAR, China","Macao SAR, China",Macao,853,East Asia and Pacific,High income,,,"449,198",254,51.68 Billion
MAF,MF,Saint Martin,,St. Martin (French part),St. Martin (French part),,590,Latin America and Caribbean,High income,,,"35,925",53,561.5 Million
MAR,MA,Morocco,Morocco,Morocco,Morocco,Morocco,212,Middle East and North Africa,Lower middle income,IBRD,,"31,627,428","446,550",104.8 Billion
MCO,MC,Monaco,Monaco,Monaco,Monaco,,377,Europe and Central Asia,High income,,,"32,965",2,5.748 Billion
MDA,MD,Moldova,Republic of Moldova,Moldova,Moldova,Republic of Moldova,373,Europe and Central Asia,Upper middle income,IBRD,,"4,324,000","33,843",7.932 Billion
MDG,MG,Madagascar,Madagascar,Madagascar,Madagascar,Madagascar,261,Sub-Saharan Africa,Low income,IDA,HIPC,"21,281,844","587,040",10.53 Billion
MDV,MV,Maldives,Maldives,Maldives,Maldives,Maldives,960,South Asia,Upper middle income,IDA,,"395,650",300,2.27 Billion
MEX,MX,Mexico,Mexico,Mexico,Mexico,Mexico,52,Latin America and Caribbean,Upper middle income,IBRD,,"112,468,855","1,972,550",1.327 Trillion
MHL,MH,Marshall Islands,Marshall Islands,Marshall Islands,Marshall Islands,,692,East Asia and Pacific,Upper middle income,IDA,,"65,859",181,193 Million
MKD,MK,Macedonia,North Macedonia,North Macedonia,North Macedonia,the former Yugoslav Republic of Macedonia,389,Europe and Central Asia,Upper middle income,IBRD,,"2,062,294","25,333",10.65 Billion
MLI,ML,Mali,Mali,Mali,Mali,Mali,223,Sub-Saharan Africa,Low income,IDA,HIPC,"13,796,354","1,240,000",11.37 Billion
MLT,MT,Malta,Malta,Malta,Malta,Malta,356,Middle East and North Africa,High income,,EMU,"403,000",316,9.541 Billion
MMR,MM,Myanmar,Myanmar,Myanmar,Myanmar,,95,East Asia and Pacific,Lower middle income,IDA,,"53,414,374","678,500",59.43 Billion
MNE,ME,Montenegro,Montenegro,Montenegro,Montenegro,Montenegro,382,Europe and Central Asia,Upper middle income,IBRD,,"666,730","14,026",4.518 Billion
MNG,MN,Mongolia,Mongolia,Mongolia,Mongolia,Mongolia,976,East Asia and Pacific,Lower middle income,IBRD,,"3,086,918","1,565,000",11.14 Billion
MNP,MP,Northern Mariana Islands,Northern Mariana Islands,Northern Mariana Islands,Northern Mariana Islands,,1-670,East Asia and Pacific,High income,,,"53,883",477,733 Million
MOZ,MZ,Mozambique,Mozambique,Mozambique,Mozambique,Mozambique,258,Sub-Saharan Africa,Low income,IDA,HIPC,"22,061,451","801,590",14.67 Billion
MRT,MR,Mauritania,Mauritania,Mauritania,Mauritania,Mauritania,222,Sub-Saharan Africa,Lower middle income,IDA,HIPC,"3,205,060","1,030,700",4.183 Billion
MSR,MS,Montserrat,,,,,1-664,,,,,"9,341",102,
MUS,MU,Mauritius,Mauritius,Mauritius,Mauritius,Mauritius,230,Sub-Saharan Africa,Upper middle income,IBRD,,"1,294,104","2,040",11.9 Billion
MWI,MW,Malawi,Malawi,Malawi,Malawi,Malawi,265,Sub-Saharan Africa,Low income,IDA,HIPC,"15,447,500","118,480",3.683 Billion
MYS,MY,Malaysia,Malaysia,Malaysia,Malaysia,Malaysia,60,East Asia and Pacific,Upper middle income,IBRD,,"28,274,729","329,750",312.4 Billion
MYT,YT,Mayotte,,,,,262,,,,,"159,042",374,
NAM,,Namibia,Namibia,Namibia,Namibia,Namibia,264,Sub-Saharan Africa,Upper middle income,IBRD,,"2,128,471","825,418",12.3 Billion
NCL,NC,New Caledonia,,New Caledonia,New Caledonia,,687,East Asia and Pacific,High income,,,"216,494","19,060",9.28 Billion
NER,NE,Niger,Niger,Niger,Niger,Niger,227,Sub-Saharan Africa,Low income,IDA,HIPC,"15,878,271","1,267,000",7.304 Billion
NGA,NG,Nigeria,Nigeria,Nigeria,Nigeria,Nigeria,234,Sub-Saharan Africa,Lower middle income,Blend,,"154,000,000","923,768",502 Billion
NIC,NI,Nicaragua,Nicaragua,Nicaragua,Nicaragua,,505,Latin America and Caribbean,Lower middle income,IDA,HIPC,"5,995,928","129,494",11.26 Billion
NIU,NU,Niue,Niue,Niue,Niue,Niue,683,,,,,"2,166",260,10.01 Million
NLD,NL,Netherlands,Netherlands,Netherlands,Netherlands,Netherlands,31,Europe and Central Asia,High income,,EMU,"16,645,000","41,526",722.3 Billion
NOR,NO,Norway,Norway,Norway,Norway,Norway,47,Europe and Central Asia,High income,,,"5,009,150","324,220",515.8 Billion
NPL,NP,Nepal,Nepal,Nepal,Nepal,Nepal,977,South Asia,Lower middle income,IDA,,"28,951,852","140,800",19.34 Billion
NRU,NR,Nauru,Nauru,Nauru,Nauru,,674,East Asia and Pacific,High income,IBRD,,"10,065",21,
NZL,NZ,New Zealand,New Zealand,New Zealand,New Zealand,New Zealand,64,East Asia and Pacific,High income,,,"4,252,277","268,680",181.1 Billion
OMN,OM,Oman,Oman,Oman,Oman,Oman,968,Middle East and North Africa,High income,,,"2,967,717","212,460",81.95 Billion
PAK,PK,Pakistan,Pakistan,Pakistan,Pakistan,Pakistan,92,South Asia,Lower middle income,Blend,,"184,404,791","803,940",236.5 Billion
PAN,PA,Panama,Panama,Panama,Panama,Panama,507,Latin America and Caribbean,Upper middle income,IBRD,,"3,410,676","78,200",40.62 Billion
PCN,PN,Pitcairn,,,,,64,,,,,46,47,
PER,PE,Peru,Peru,Peru,Peru,Peru,51,Latin America and Caribbean,Upper middle income,IBRD,,"29,907,003","1,285,220",210.3 Billion
PHL,PH,Philippines,Philippines,Philippines,Philippines,Philippines,63,East Asia and Pacific,Lower middle income,IBRD,,"99,900,177","300,000",272.2 Billion
PLW,PW,Palau,Palau,Palau,Palau,,680,East Asia and Pacific,High income,IBRD,,"19,907",458,221 Million
PNG,PG,Papua New Guinea,Papua New Guinea,Papua New Guinea,Papua New Guinea,,675,East Asia and Pacific,Lower middle income,Blend,,"6,064,515","462,840",16.1 Billion
POL,PL,Poland,Poland,Poland,Poland,Poland,48,Europe and Central Asia,High income,IBRD,,"38,500,000","312,685",513.9 Billion
PRI,PR,Puerto Rico,Puerto Rico,Puerto Rico,Puerto Rico,,"1-787, 1-939",Latin America and Caribbean,High income,,,"3,916,632","9,104",93.52 Billion
PRK,KP,North Korea,Democratic People's Republic of Korea,"Korea, Dem. People's Rep.","Korea, Dem. People's Rep.",,850,East Asia and Pacific,Low income,,,"22,912,177","120,540",28 Billion
PRT,PT,Portugal,Portugal,Portugal,Portugal,Portugal,351,Europe and Central Asia,High income,,EMU,"10,676,000","92,391",219.3 Billion
PRY,PY,Paraguay,Paraguay,Paraguay,Paraguay,Paraguay,595,Latin America and Caribbean,Upper middle income,IBRD,,"6,375,830","406,750",30.56 Billion
PSE,PS,Palestine,Palestine,Palestine,Palestine,Palestine,970,,,,,"3,800,000","5,970",6.641 Billion
PYF,PF,French Polynesia,,French Polynesia,French Polynesia,,689,East Asia and Pacific,High income,,,"270,485","4,167",5.65 Billion
QAT,QA,Qatar,Qatar,Qatar,Qatar,Qatar,974,Middle East and North Africa,High income,,,"840,926","11,437",213.1 Billion
REU,RE,Reunion,,,,,262,,,,,"776,948","2,517",
ROU,RO,Romania,Romania,Romania,Romania,Romania,40,Europe and Central Asia,Upper middle income,IBRD,,"21,959,278","237,500",188.9 Billion
RUS,RU,Russia,Russian Federation,Russian Federation,Russian Federation,Russian Federation,7,Europe and Central Asia,Upper middle income,IBRD,,"140,702,000","17,100,000",2.113 Trillion
RWA,RW,Rwanda,Rwanda,Rwanda,Rwanda,Rwanda,250,Sub-Saharan Africa,Low income,IDA,HIPC,"11,055,976","26,338",7.7 Billion
SAU,SA,Saudi Arabia,Saudi Arabia,Saudi Arabia,Saudi Arabia,Saudi Arabia,966,Middle East and North Africa,High income,,,"25,731,776","1,960,582",718.5 Billion
SDN,SD,Sudan,Sudan,Sudan,Sudan,Sudan,249,Sub-Saharan Africa,Low income,IDA,HIPC,"35,000,000","1,861,484",52.5 Billion
SEN,SN,Senegal,Senegal,Senegal,Senegal,Senegal,221,Sub-Saharan Africa,Lower middle income,IDA,HIPC,"12,323,252","196,190",15.36 Billion
SGP,SG,Singapore,Singapore,Singapore,Singapore,Singapore,65,East Asia and Pacific,High income,,,"4,701,069",693,295.7 Billion
SHN,SH,Saint Helena,,,,,290,,,,,"7,460",410,
SJM,SJ,Svalbard and Jan Mayen,,,,,47,,,,,"2,550","62,049",
SLB,SB,Solomon Islands,Solomon Islands,Solomon Islands,Solomon Islands,,677,East Asia and Pacific,Lower middle income,IDA,,"559,198","28,450",1.099 Billion
SLE,SL,Sierra Leone,Sierra Leone,Sierra Leone,Sierra Leone,Sierra Leone,232,Sub-Saharan Africa,Low income,IDA,HIPC,"5,245,695","71,740",4.607 Billion
SLV,SV,El Salvador,El Salvador,El Salvador,El Salvador,El Salvador,503,Latin America and Caribbean,Lower middle income,IBRD,,"6,052,064","21,040",24.67 Billion
SMR,SM,San Marino,San Marino,San Marino,San Marino,,378,Europe and Central Asia,High income,,,"31,477",61,1.866 Billion
SOM,SO,Somalia,Somalia,Somalia,Somalia,,252,Sub-Saharan Africa,Low income,IDA,HIPC,"10,112,453","637,657",2.372 Billion
SPM,PM,Saint Pierre and Miquelon,,,,,508,,,,,"7,012",242,215.3 Million
SRB,RS,Serbia,Serbia,Serbia,Serbia,Serbia,381,Europe and Central Asia,Upper middle income,IBRD,,"7,344,847","88,361",43.68 Billion
SSD,SS,South Sudan,South Sudan,South Sudan,South Sudan,,211,Sub-Saharan Africa,Low income,IDA,,"8,260,490","644,329",11.77 Billion
STP,ST,Sao Tome and Principe,Sao Tome and Principe,Sao Tome and Principe,S?o Tom¨¦ and Principe,Sao Tome and Principe,239,Sub-Saharan Africa,Lower middle income,IDA,HIPC,"175,808","1,001",311 Million
SUR,SR,Suriname,Suriname,Suriname,Suriname,Suriname,597,Latin America and Caribbean,Upper middle income,IBRD,,"492,829","163,270",5.009 Billion
SVK,SK,Slovakia,Slovakia,Slovak Republic,Slovak Republic,Slovakia,421,Europe and Central Asia,High income,,EMU,"5,455,000","48,845",96.96 Billion
SVN,SI,Slovenia,Slovenia,Slovenia,Slovenia,Slovenia,386,Europe and Central Asia,High income,,EMU,"2,007,000","20,273",46.82 Billion
SWE,SE,Sweden,Sweden,Sweden,Sweden,Sweden,46,Europe and Central Asia,High income,,,"9,555,893","449,964",552 Billion
SWZ,SZ,Swaziland,Eswatini,Eswatini,Eswatini,Swaziland,268,Sub-Saharan Africa,Lower middle income,IBRD,,"1,354,051","17,363",3.807 Billion
SXM,SX,Sint Maarten,,Sint Maarten (Dutch part),Sint Maarten (Dutch part),,1-721,Latin America and Caribbean,High income,,,"37,429",34,794.7 Million
SYC,SC,Seychelles,Seychelles,Seychelles,Seychelles,,248,Sub-Saharan Africa,High income,IBRD,,"88,340",455,1.271 Billion
SYR,SY,Syria,Syrian Arab Republic,Syrian Arab Republic,Syrian Arab Republic,Syrian Arab Republic,963,Middle East and North Africa,Low income,IDA,,"22,198,110","185,180",64.7 Billion
TCA,TC,Turks and Caicos Islands,,Turks and Caicos Islands,Turks and Caicos Islands,,1-649,Latin America and Caribbean,High income,,,"20,556",430,
TCD,TD,Chad,Chad,Chad,Chad,Chad,235,Sub-Saharan Africa,Low income,IDA,HIPC,"10,543,464","1,284,000",13.59 Billion
TGO,TG,Togo,Togo,Togo,Togo,Togo,228,Sub-Saharan Africa,Low income,IDA,HIPC,"6,587,239","56,785",4.299 Billion
THA,TH,Thailand,Thailand,Thailand,Thailand,Thailand,66,East Asia and Pacific,Upper middle income,IBRD,,"67,089,500","514,000",400.9 Billion
TJK,TJ,Tajikistan,Tajikistan,Tajikistan,Tajikistan,Tajikistan,992,Europe and Central Asia,Lower middle income,IDA,,"7,487,489","143,100",8.513 Billion
TKL,TK,Tokelau,Tokelau,Tokelau,Tokelau,Tokelau,690,,,,,"1,466",10,
TKM,TM,Turkmenistan,Turkmenistan,Turkmenistan,Turkmenistan,Turkmenistan,993,Europe and Central Asia,Upper middle income,IBRD,,"4,940,916","488,100",40.56 Billion
TLS,TL,East Timor,Timor-Leste,Timor-Leste,Timor-Leste,,670,East Asia and Pacific,Lower middle income,Blend,,"1,154,625","15,007",6.129 Billion
TON,TO,Tonga,Tonga,Tonga,Tonga,,676,East Asia and Pacific,Upper middle income,IDA,,"122,580",748,477 Million
TTO,TT,Trinidad and Tobago,Trinidad and Tobago,Trinidad and Tobago,Trinidad and Tobago,Trinidad and Tobago,1-868,Latin America and Caribbean,High income,IBRD,,"1,228,691","5,128",27.13 Billion
TUN,TN,Tunisia,Tunisia,Tunisia,Tunisia,Tunisia,216,Middle East and North Africa,Lower middle income,IBRD,,"10,589,025","163,610",48.38 Billion
TUR,TR,Turkey,Turkey,Turkey,Turkey,Turkey,90,Europe and Central Asia,Upper middle income,IBRD,,"77,804,122","780,580",821.8 Billion
TUV,TV,Tuvalu,Tuvalu,Tuvalu,Tuvalu,,688,East Asia and Pacific,Upper middle income,IDA,,"10,472",26,38 Million
TWN,TW,Taiwan,Taiwan (Province of China),Taiwan (Province of China),Taiwan (Province of China),Province of China Taiwan,886,East Asia and Pacific,High income,,,"22,894,384","35,980",484.7 Billion
TZA,TZ,Tanzania,United Republic of Tanzania,Tanzania,Tanzania,United Republic of Tanzania,255,Sub-Saharan Africa,Lower middle income,IDA,HIPC,"41,892,895","945,087",31.94 Billion
UGA,UG,Uganda,Uganda,Uganda,Uganda,Uganda,256,Sub-Saharan Africa,Low income,IDA,HIPC,"33,398,682","236,040",22.6 Billion
UKR,UA,Ukraine,Ukraine,Ukraine,Ukraine,Ukraine,380,Europe and Central Asia,Lower middle income,IBRD,,"45,415,596","603,700",175.5 Billion
URY,UY,Uruguay,Uruguay,Uruguay,Uruguay,Uruguay,598,Latin America and Caribbean,High income,IBRD,,"3,477,000","176,220",57.11 Billion
USA,US,United States,United States of America,United States,United States,United States,1,North America,High income,,,"310,232,863","9,629,091",16.72 Trillion
UZB,UZ,Uzbekistan,Uzbekistan,Uzbekistan,Uzbekistan,Uzbekistan,998,Europe and Central Asia,Lower middle income,Blend,,"27,865,738","447,400",55.18 Billion
VAT,VA,Vatican,,,,,379,,,,,921,0,
VCT,VC,Saint Vincent and the Grenadines,Saint Vincent and the Grenadines,St. Vincent and the Grenadines,St. Vincent and the Grenadines,Saint Vincent and the Grenadines,1-784,Latin America and Caribbean,Upper middle income,Blend,,"104,217",389,742 Million
VEN,VE,Venezuela,Venezuela (Bolivarian Republic of),"Venezuela, RB","Venezuela, RB",Bolivarian Republic of Venezuela,58,Latin America and Caribbean,,IBRD,,"27,223,228","912,050",367.5 Billion
VGB,VG,British Virgin Islands,,British Virgin Islands,British Virgin Islands,,1-284,Latin America and Caribbean,High income,,,"21,730",153,1.095 Billion
VIR,VI,U.S. Virgin Islands,United States Virgin Islands,Virgin Islands (U.S.),Virgin Islands (U.S.),,1-340,Latin America and Caribbean,High income,,,"108,708",352,
VNM,VN,Vietnam,Viet Nam,Vietnam,Vietnam,Viet Nam,84,East Asia and Pacific,Lower middle income,IBRD,,"89,571,130","329,560",170 Billion
VUT,VU,Vanuatu,Vanuatu,Vanuatu,Vanuatu,,678,East Asia and Pacific,Lower middle income,IDA,,"221,552","12,200",828 Million
WLF,WF,Wallis and Futuna,,,,,681,,,,,"16,025",274,
WSM,WS,Samoa,Samoa,Samoa,Samoa,,685,East Asia and Pacific,Lower middle income,IDA,,"192,001","2,944",705 Million
XKX,XK,Kosovo,,Kosovo,Kosovo,,383,Europe and Central Asia,Upper middle income,IDA,,"1,800,000","10,887",7.15 Billion
YEM,YE,Yemen,Yemen,"Yemen, Rep.","Yemen, Rep.",Yemen,967,Middle East and North Africa,Low income,IDA,,"23,495,361","527,970",43.89 Billion
ZAF,ZA,South Africa,South Africa,South Africa,South Africa,South Africa,27,Sub-Saharan Africa,Upper middle income,IBRD,,"49,000,000","1,219,912",353.9 Billion
ZMB,ZM,Zambia,Zambia,Zambia,Zambia,Zambia,260,Sub-Saharan Africa,Lower middle income,IDA,HIPC,"13,460,305","752,614",22.24 Billion
ZWE,ZW,Zimbabwe,Zimbabwe,Zimbabwe,Zimbabwe,Zimbabwe,263,Sub-Saharan Africa,Lower middle income,Blend,,"11,651,858","390,580",10.48 Billion
